{
  "101": {
    "sequencialEvents": [
      {
        "eventNpc": "prologue",
        "eventNumber": "1"
      }
    ],   

    "nextSections": [
      {
        "nextSectionNumber": "102",
        "eventType": "select_component",
        "targetComponent": "예"
      },
      {
        "nextSectionNumber": "110",
        "eventType": "select_component",
        "targetComponent": "아니오"
      }
    ]
  },
  "102": {
    "sequencialEvents": [
      {
        "eventNpc": "prologue",
        "eventNumber": "2"
      },
      {
        "eventNpc": "prologue",
        "eventNumber": "3"
      },
      {
        "eventNpc": "prologue",
        "eventNumber": "4"
      }
    ],
    "specialEvents" : [
      	{
      		"eventNpc" : "kadilla_story",
      		"eventNumber" : "999"
      	}
      ],
    "nextSections": [
      {
        "nextSectionNumber": "103",
        "eventType": "battle_control",
        "targetComponent": "normal_attack"
      }
    ]
  },
  "103": {
    "sequencialEvents": [
      {
        "eventNpc": "prologue",
        "eventNumber": "5"
      },
      {
        "eventNpc": "prologue",
        "eventNumber": "6"
      }
    ],
    "nextSections": [
      {
        "nextSectionNumber": "104",
        "eventType": "battle_control",
        "targetComponent": "skill_attack"
      }
    ]
  },
  "104": {
    "sequencialEvents": [
      {
        "eventNpc": "prologue",
        "eventNumber": "7"
      },      
      {
        "eventNpc": "prologue",
        "eventNumber": "29"
      },
      {
        "eventNpc": "prologue",
        "eventNumber": "8"
      },
      {
        "eventNpc": "prologue",
        "eventNumber": "9"
      },
      {
        "eventNpc": "prologue",
        "eventNumber": "10"
      }
    ],
    "conditionalEvents": [
      {
        "eventNpc": "waiji",
        "eventNumber": "2"
      }
    ],
    "nextSections": []
  },
  "105": {
    "sequencialEvents": [],
    "nextSections": [
      {
        "nextSectionNumber": "106",
        "eventType": "move_node",
        "targetComponent": "blackwood"
      }
    ]
  },
  "106": {
    "sequencialEvents": [
      {
        "eventNpc": "prologue",
        "eventNumber": "13"
      }
    ],
    "nextSections": [
      {
        "nextSectionNumber": "107",
        "eventType": "move_field",
        "targetComponent": "1to2"
      }
    ]
  },
  "107": {
    "sequencialEvents": [
      {
        "eventNpc": "prologue",
        "eventNumber": "14"
      }
    ],
    "nextSections": [
      {
        "nextSectionNumber": "108",
        "eventType": "move_node",
        "targetComponent": "cobweb"
      }
    ]
  },
  "108": {
    "sequencialEvents": [
      {
        "eventNpc": "prologue",
        "eventNumber": "15"
      },
      {
        "eventNpc": "prologue",
        "eventNumber": "16"
      }
    ],
    "nextSections": [
      {
        "nextSectionNumber": "109",
        "eventType": "move_sub_node",
        "targetComponent": "cobweb_library"
      }
    ]
  },
  "109": {
    "sequencialEvents": [
      {
        "eventNpc": "prologue",
        "eventNumber": "17"
      },
      {
        "eventNpc": "prologue",
        "eventNumber": "18"
      }
    ],
    "nextSections": [
      {
        "nextSectionNumber": "110",
        "eventType": "move_node",
        "targetComponent": "cobweb"
      }
    ]
  },
  "110": {
    "sequencialEvents": [
      {
        "eventNpc": "prologue",
        "eventNumber": "19"
      },
      {
        "eventNpc": "prologue",
        "eventNumber": "20"
      }
    ],
    "nextSections": [
      {
        "nextSectionNumber": "111",
        "eventType": "next_section"
      }
    ]
  },
  "111": {
    "sequencialEvents": [
      {
        "eventNpc": "prologue",
        "eventNumber": "21"
      },
      {
        "eventNpc": "prologue",
        "eventNumber": "22"
      },
      {
        "eventNpc": "prologue",
        "eventNumber": "23"
      }
    ],
    "nextSections": [
      {
        "nextSectionNumber": "201",
        "eventType": "select_component",
        "targetComponent": "카딜라 성"
      },
      {
        "nextSectionNumber": "301",
        "eventType": "select_component",
        "targetComponent": "수정 협곡"
      },
      {
        "nextSectionNumber": "114",
        "eventType": "select_component",
        "targetComponent": "바이칼 성"
      },
      {
        "nextSectionNumber": "115",
        "eventType": "select_component",
        "targetComponent": "미라지 포트"
      },
      {
        "nextSectionNumber": "116",
        "eventType": "select_component",
        "targetComponent": "레드로즈 성"
      }
      
    ]
  },
  "114": {
    "sequencialEvents": [
      {
        "eventNpc": "prologue",
        "eventNumber": "26"
      }
    ]
  },
  "115": {
    "sequencialEvents": [
      {
        "eventNpc": "prologue",
        "eventNumber": "27"
      }
    ]
  },
  "116": {
    "sequencialEvents": [
      {
        "eventNpc": "prologue",
        "eventNumber": "28"
      }
    ]
  },
  "201": {
    "sequencialEvents": [
      {
        "eventNpc": "prologue",
        "eventNumber": "24"
      }
    ],
    "nextSections": [
      {
        "nextSectionNumber": "202",
        "eventType": "move_node",
        "targetComponent": "kadilla_castle"
      }
    ]
  },
  "202":{
    "sequencialEvents": [
      {
        "eventNpc": "kadilla_castle",
        "eventNumber": "2"
      },
      {
        "eventNpc" : "kadilla_castle",
        "eventNumber" : "4"
      }
    ]
  },
  "301": {
    "sequencialEvents": [
      {
        "eventNpc": "prologue",
        "eventNumber": "25"
      }
    ],
    "nextSections": [
      {
        "nextSectionNumber": "302",
        "eventType": "click_arrow",
        "targetComponent": "2to13"
      }
    ]
  },
  "302":{
    "sequencialEvents": [
      {
        "eventNpc": "cobweb_story",
        "eventNumber": "1"
      }
    ],
    "nextSections": [
      {
        "nextSectionNumber": "303",
        "eventType": "move_sub_node",
        "targetComponent": "cobweb_cathedral"
      }
    ]
  },"303":{
    "sequencialEvents": [
      {
        "eventNpc": "cobweb_story",
        "eventNumber": "2"
      }
    ],
    "nextSections": [
      {
        "nextSectionNumber": "304",
        "eventType": "move_node",
        "targetComponent": "cobweb"
      }
    ]
  },
  "304":{
    "sequencialEvents": [
      {
        "eventNpc": "cobweb_story",
        "eventNumber": "3"
      }
    ],
    "nextSections": [
      {
        "nextSectionNumber": "305",
        "eventType": "move_sub_node",
        "targetComponent": "cobweb_inn"
      }
    ]
  },
  "305":{
    "sequencialEvents": [
      {
        "eventNpc": "cobweb_story",
        "eventNumber": "4"
      },
      {
        "eventNpc": "cobweb_story",
        "eventNumber": "5"
      }
    ],
    "nextSections": [
      {
        "nextSectionNumber": "306",
        "eventType": "battle_end",
        "targetComponent": "nepel_01"
      }
    ]
  },
  "306":{
    "sequencialEvents": [
      {
        "eventNpc": "cobweb_story",
        "eventNumber": "6"
      }
    ],
    "nextSections": [
      {
        "nextSectionNumber": "307",
        "eventType": "move_node",
        "targetComponent": "crystallized_valley"
      }
    ]
  }, "307":{
    "sequencialEvents": [
      {
        "eventNpc": "cobweb_story",
        "eventNumber": "7"
      }
    ],
    "nextSections": [
      {
        "nextSectionNumber": "308",
        "eventType": "move_sub_node_by_time",
        "targetComponent" : "crystallized_valley_room_01",
        "targetTime" : "6to18"
      },
      {
        "nextSectionNumber": "309",
        "eventType": "move_sub_node_by_time",
        "targetComponent" : "crystallized_valley_room_01"
      }
    ]
  }
}